{
    "frequencyScaleFactor": 0.970,
    "atomEnergies": {
        "H": -0.501657,
        "C": -37.854195,
        "N": -54.593843,
        "O": -75.077162,
        "Na": -162.290737,
        "S": -398.127992,
        "Cl": -460.161474
    }
}
